{
    "frames": [
        {
            "filename": "1",
            "frame": {
                "w": 256,
                "h": 256,
                "x": 0,
                "y": 0
            },
            "anchor": {
                "x": 0.5,
                "y": 0.5
            }
        },
        {
            "filename": "2",
            "frame": {
                "w": 256,
                "h": 256,
                "x": 256,
                "y": 0
            },
            "anchor": {
                "x": 0.5,
                "y": 0.5
            }
        },
        {
            "filename": "3",
            "frame": {
                "w": 256,
                "h": 256,
                "x": 512,
                "y": 0
            },
            "anchor": {
                "x": 0.5,
                "y": 0.5
            }
        },
        {
            "filename": "4",
            "frame": {
                "w": 256,
                "h": 256,
                "x": 768,
                "y": 0
            },
            "anchor": {
                "x": 0.5,
                "y": 0.5
            }
        },
        {
            "filename": "5",
            "frame": {
                "w": 256,
                "h": 256,
                "x": 0,
                "y": 256
            },
            "anchor": {
                "x": 0.5,
                "y": 0.5
            }
        },
        {
            "filename": "6",
            "frame": {
                "w": 256,
                "h": 256,
                "x": 256,
                "y": 256
            },
            "anchor": {
                "x": 0.5,
                "y": 0.5
            }
        },
        {
            "filename": "7",
            "frame": {
                "w": 256,
                "h": 256,
                "x": 512,
                "y": 256
            },
            "anchor": {
                "x": 0.5,
                "y": 0.5
            }
        },
        {
            "filename": "8",
            "frame": {
                "w": 256,
                "h": 256,
                "x": 768,
                "y": 256
            },
            "anchor": {
                "x": 0.5,
                "y": 0.5
            }
        },
        {
            "filename": "9",
            "frame": {
                "w": 256,
                "h": 256,
                "x": 0,
                "y": 512
            },
            "anchor": {
                "x": 0.5,
                "y": 0.5
            }
        },
        {
            "filename": "10",
            "frame": {
                "w": 256,
                "h": 256,
                "x": 256,
                "y": 512
            },
            "anchor": {
                "x": 0.5,
                "y": 0.5
            }
        },
        {
            "filename": "11",
            "frame": {
                "w": 256,
                "h": 256,
                "x": 512,
                "y": 512
            },
            "anchor": {
                "x": 0.5,
                "y": 0.5
            }
        }
    ],
    "meta": {
        "description": "Atlas generado con Atlas Packer Gamma V2",
        "web": "https://gammafp.github.io/atlas-packer-phaser/"
    }
}