{
    "frames": [
        {
            "filename": "map_tiles_0",
            "frame": {
                "w": 32,
                "h": 32,
                "x": 2,
                "y": 2
            },
            "anchor": {
                "x": 0.5,
                "y": 0.5
            }
        },
        {
            "filename": "map_tiles_1",
            "frame": {
                "w": 32,
                "h": 32,
                "x": 38,
                "y": 2
            },
            "anchor": {
                "x": 0.5,
                "y": 0.5
            }
        },
        {
            "filename": "map_tiles_2",
            "frame": {
                "w": 32,
                "h": 32,
                "x": 74,
                "y": 2
            },
            "anchor": {
                "x": 0.5,
                "y": 0.5
            }
        },
        {
            "filename": "map_tiles_3",
            "frame": {
                "w": 32,
                "h": 32,
                "x": 110,
                "y": 2
            },
            "anchor": {
                "x": 0.5,
                "y": 0.5
            }
        },
        {
            "filename": "map_tiles_4",
            "frame": {
                "w": 32,
                "h": 32,
                "x": 146,
                "y": 2
            },
            "anchor": {
                "x": 0.5,
                "y": 0.5
            }
        },
        {
            "filename": "map_tiles_5",
            "frame": {
                "w": 32,
                "h": 32,
                "x": 182,
                "y": 2
            },
            "anchor": {
                "x": 0.5,
                "y": 0.5
            }
        },
        {
            "filename": "map_tiles_6",
            "frame": {
                "w": 32,
                "h": 32,
                "x": 218,
                "y": 2
            },
            "anchor": {
                "x": 0.5,
                "y": 0.5
            }
        },
        {
            "filename": "map_tiles_7",
            "frame": {
                "w": 32,
                "h": 32,
                "x": 2,
                "y": 38
            },
            "anchor": {
                "x": 0.5,
                "y": 0.5
            }
        },
        {
            "filename": "map_tiles_8",
            "frame": {
                "w": 32,
                "h": 32,
                "x": 38,
                "y": 38
            },
            "anchor": {
                "x": 0.5,
                "y": 0.5
            }
        },
        {
            "filename": "map_tiles_9",
            "frame": {
                "w": 32,
                "h": 32,
                "x": 74,
                "y": 38
            },
            "anchor": {
                "x": 0.5,
                "y": 0.5
            }
        },
        {
            "filename": "map_tiles_10",
            "frame": {
                "w": 32,
                "h": 32,
                "x": 110,
                "y": 38
            },
            "anchor": {
                "x": 0.5,
                "y": 0.5
            }
        },
        {
            "filename": "map_tiles_11",
            "frame": {
                "w": 32,
                "h": 32,
                "x": 146,
                "y": 38
            },
            "anchor": {
                "x": 0.5,
                "y": 0.5
            }
        },
        {
            "filename": "map_tiles_12",
            "frame": {
                "w": 32,
                "h": 32,
                "x": 182,
                "y": 38
            },
            "anchor": {
                "x": 0.5,
                "y": 0.5
            }
        },
        {
            "filename": "map_tiles_13",
            "frame": {
                "w": 32,
                "h": 32,
                "x": 218,
                "y": 38
            },
            "anchor": {
                "x": 0.5,
                "y": 0.5
            }
        }
    ],
    "meta": {
        "description": "Atlas generado con Atlas Packer Gamma V2",
        "web": "https://gammafp.github.io/atlas-packer-phaser/"
    }
}